name,phone,tckimlik
Robert Logan,+90 447 212 76 493,19756324636
Savannah Everett,+90 355 777 42 857,13596149287
Reuben Ford,+90 126 272 25 274,68632849376
Joelle Miranda,+90 997 648 55 473,84114824874
John Kim,+90 133 382 13 955,75293854415
Mufutau Carver,+90 531 151 32 555,38375364575
Logan Keller,+90 753 725 32 215,28237537858
Oren Velez,+90 458 887 82 737,67347848642
Breanna Albert,+90 718 273 44 767,35782835352
Yael Schroeder,+90 949 753 47 374,43344461624
Lael Cooke,+90 792 744 55 558,64425831165
Jamal Blake,+90 226 883 32 436,13624429328
Deborah Maxwell,+90 263 227 77 914,47877849687
Omar Clay,+90 634 843 37 875,76735666643
Bernard Hickman,+90 679 928 91 182,54425617329
Fulton Battle,+90 232 486 62 642,75875484217
Axel Holcomb,+90 926 777 42 723,97867264288
Chester Kline,+90 228 744 75 656,71276772651
Merritt Schroeder,+90 332 236 85 865,17488416757
Mason Rocha,+90 535 649 25 483,63795437761
Raven Waller,+90 676 562 92 897,37127457773
Timothy Yates,+90 243 782 52 482,25326574694
Price Romero,+90 313 346 98 783,43762742967
Ariana Young,+90 585 481 33 364,23963293597
Macey Marquez,+90 438 844 84 388,22396684761
Maggie Ballard,+90 739 562 73 235,87368851347
Adena Sharp,+90 654 227 25 562,77258368772
Gannon Mcintosh,+90 348 326 78 823,54238448632
Karly Lynn,+90 743 785 58 548,41588789215
Zia Wise,+90 891 685 85 545,85886178856
Bell Simon,+90 947 214 72 645,51229982318
Brett Frederick,+90 395 997 97 763,56696768662
Shannon Garner,+90 539 284 23 368,32741481783
Aladdin Holder,+90 323 557 56 286,27847788157
Aretha Lane,+90 948 745 57 757,35598788434
Ursa Clements,+90 545 151 74 518,54752635342
Garrison Rutledge,+90 424 336 25 856,73736515146
Sharon Mathews,+90 546 678 55 135,96384344389
Whoopi Sears,+90 773 465 13 392,91766685427
Sade Downs,+90 468 887 44 324,26151637774
Guy Moreno,+90 511 336 44 767,16984733242
Nasim Roman,+90 743 683 34 283,74574584735
Barbara Waller,+90 563 777 54 921,63523884632
Owen Wilkerson,+90 366 842 78 894,26754178449
Nathan Hill,+90 928 526 88 589,24352875888
Fay Gilmore,+90 373 365 43 786,87516574645
Uriel Velasquez,+90 232 225 83 816,62544767826
Stewart Miranda,+90 275 756 76 131,73866444715
Xyla Mack,+90 645 769 17 843,47343563927
Caesar Michael,+90 393 992 64 649,57596684944
Craig Taylor,+90 237 538 62 338,86552775154
Deanna Gibbs,+90 444 521 74 664,69354539733
Ina Clark,+90 926 719 37 559,67726452678
Mara Owens,+90 775 277 48 843,18487234842
Herrod Cannon,+90 843 894 24 719,83542274264
Graham Yang,+90 244 987 11 666,44898147756
Kyle Hammond,+90 823 468 87 756,39728269263
Maggy Molina,+90 263 751 66 828,33644368284
Shellie Simpson,+90 126 727 48 997,76329373623
Troy Rosales,+90 361 664 64 415,44257274284
Brittany Jacobson,+90 162 922 29 782,22568588577
Liberty Weaver,+90 912 243 76 876,54244582486
Imelda Ruiz,+90 412 258 45 453,26668635358
Micah Preston,+90 776 928 55 484,93435879721
Victor Blanchard,+90 573 779 24 311,78943416989
Octavia Mills,+90 476 857 89 853,86339877661
Yael Hancock,+90 447 384 34 254,32953665687
Ahmed Guzman,+90 724 883 33 314,46748724866
Anthony Edwards,+90 345 853 73 942,78418734835
Roary Burnett,+90 487 227 37 744,49128783415
Dominic Park,+90 489 889 73 496,66425761513
Regina Daniel,+90 554 832 58 815,75527828288
Tamara Jenkins,+90 321 612 35 168,46155637655
Dante Rivers,+90 942 845 66 255,19446797215
Rebekah Knapp,+90 166 753 53 248,66466756175
Raja Clements,+90 468 238 99 677,86837457231
Lucas Barrera,+90 264 885 38 675,53666811118
Petra Hendricks,+90 485 398 68 828,33741753954
Carter Sosa,+90 789 622 24 141,28553891225
Orla Steele,+90 657 858 38 986,85217889374
Constance Simmons,+90 332 763 55 187,62287667937
Neil Guthrie,+90 667 973 39 342,84833457657
Savannah Sawyer,+90 243 432 48 723,37298523656
Kimberly Wyatt,+90 726 257 33 339,77639725575
Ralph Summers,+90 249 258 66 117,82997793649
Indira Fisher,+90 175 614 87 653,83664363352
Cade Charles,+90 938 126 35 874,85828664443
Cyrus Castillo,+90 433 423 21 266,42267432768
Kelsey Schwartz,+90 672 538 36 226,82568665463
Hyatt Hammond,+90 663 988 57 487,84167687192
John Cannon,+90 573 774 74 468,34614646347
Herman Witt,+90 437 276 37 247,28183865541
Jonah Lambert,+90 658 225 15 526,45868718375
Sopoline Mckinney,+90 342 683 88 862,99229734751
Germaine Hinton,+90 548 887 48 437,34882456826
Whoopi Rojas,+90 769 529 97 286,44715393299
Judah Ramos,+90 848 769 15 458,43962473563
Solomon Hurley,+90 567 874 86 664,56266553314
Susan Mcmahon,+90 638 461 44 257,24569845676
Micah Gilbert,+90 334 452 56 442,68322342436
Galvin Mack,+90 373 648 76 813,54443364728
Wynter Shepard,+90 197 776 26 793,32253987394
Dylan Collier,+90 851 387 93 679,43862458793
Mira O'connor,+90 853 839 37 327,85525532823
Marah Vincent,+90 563 638 66 696,65693275982
Melvin Frye,+90 575 156 26 617,95747725743
Florence Burch,+90 132 323 52 256,67126528384
Talon Ray,+90 818 846 25 877,57857878635
Samantha Lane,+90 678 687 24 785,26282874867
Logan Mosley,+90 673 256 23 431,34394573733
Mary Chase,+90 264 461 74 721,65533695265
Rashad Hewitt,+90 338 687 89 725,64782645693
Sylvester Burgess,+90 323 347 58 584,87896277145
Angela Haynes,+90 254 588 57 669,87869237378
Joan Herrera,+90 828 559 31 242,34239874573
Nola Potts,+90 137 387 76 769,76768718637
Benedict Cross,+90 366 465 56 447,93445812437
Merrill Bray,+90 374 825 67 281,63672256612
Flynn William,+90 576 655 57 547,25179746415
Lee Bernard,+90 964 627 44 182,48872774489
Dominic Foreman,+90 233 382 14 484,27657714223
Whitney Castillo,+90 668 758 37 151,39142285552
Candace Cotton,+90 785 525 74 523,51642314839
Marvin Spencer,+90 843 279 22 732,62675677684
Illana Bird,+90 128 427 83 542,17635738659
Ferris Gilliam,+90 678 623 75 746,64525684252
Wyatt Atkinson,+90 864 874 37 136,42352556674
Clarke Wyatt,+90 225 219 37 552,54845825421
Aphrodite Holmes,+90 582 227 36 943,53955863789
Nathaniel Sellers,+90 158 974 86 243,28728458284
Chaim Gay,+90 993 722 46 863,63538754736
Kiona Stewart,+90 894 932 37 592,77735746734
Ray Bell,+90 889 386 58 291,57299451174
Wade Huff,+90 764 557 99 868,38479176746
Moana Bray,+90 613 864 46 487,64723667215
Wyatt Pruitt,+90 572 566 44 685,31374529878
Amity Pope,+90 274 535 33 819,96523166417
Rudyard Sears,+90 281 496 32 788,77442832754
Bradley Booker,+90 553 152 38 727,13923673397
Kiara Bird,+90 722 778 66 567,87816683432
Quintessa Conrad,+90 826 965 66 288,32715443513
Cheryl Caldwell,+90 718 931 28 579,63462422398
Plato Lang,+90 481 471 53 538,79669454873
Amery Bennett,+90 433 585 72 344,28262725957
Ulric Massey,+90 247 534 93 615,33154565674
Zelda Mendoza,+90 683 942 27 248,27433711234
Linus Jarvis,+90 622 224 76 377,77885324578
Unity Vang,+90 764 967 24 757,62245837695
Damon Nelson,+90 477 662 74 463,77226825886
Quinlan Guerrero,+90 737 424 35 352,49836555344
Joseph Kane,+90 717 213 48 857,64461574495
Tad Lyons,+90 887 279 22 176,83893186274
Bevis Hendrix,+90 533 285 63 728,71431477259
Wynter Malone,+90 869 334 82 576,65876844528
Preston Shields,+90 571 813 11 192,39684333324
Fiona Ferguson,+90 897 773 72 335,78467327844
Anthony Gregory,+90 814 458 37 855,16614787167
Isabella Davis,+90 167 636 65 182,94397622461
Latifah Gaines,+90 565 832 25 467,62422835838
Justina Luna,+90 959 252 86 557,55182166532
Wylie Brewer,+90 872 197 55 883,26828827563
Amity Atkins,+90 724 987 65 826,93124577568
Miranda Velazquez,+90 687 851 88 232,15663391936
Sawyer Lindsay,+90 535 465 48 546,74369589257
Zane Pitts,+90 461 952 53 618,61575318854
Armand Klein,+90 241 295 69 291,27475342675
Kato Pace,+90 896 137 41 794,26825773468
Mona Steele,+90 693 413 42 452,55744236936
Hoyt Gallegos,+90 557 671 54 364,59173825677
Forrest Brady,+90 145 637 56 771,84752985456
Christian Lester,+90 859 461 19 783,24454594179
Blythe Donaldson,+90 978 398 32 542,42581535458
Craig Bass,+90 383 438 23 527,13466775641
Debra Valdez,+90 915 258 36 364,13525737493
Barbara Erickson,+90 743 773 65 655,28461225637
Madeson Hess,+90 652 724 32 434,37761336646
Imani Coffey,+90 766 244 32 295,34674666652
Harrison Hubbard,+90 796 366 75 852,86647753884
Nayda Warner,+90 222 952 49 815,25535658258
Lydia Levy,+90 538 941 91 636,75251635352
Felicia Hines,+90 783 431 53 585,85542872794
Chester Mendoza,+90 276 448 33 785,13639365784
Jakeem Sellers,+90 923 641 83 785,22882454128
Zenia Lang,+90 663 679 83 435,54932584913
Uriah Love,+90 643 886 42 776,57636479277
Joseph Collier,+90 625 777 67 767,45683518231
Risa Leblanc,+90 992 826 22 888,32455876128
Price Shaw,+90 245 638 68 519,84341344255
Rooney Goff,+90 765 446 64 453,44313494772
Avram Hill,+90 582 538 77 253,54399683875
Colton Walter,+90 684 393 53 425,36388325326
Ignacia Walter,+90 466 276 39 527,23622212836
Laurel Mendoza,+90 853 852 14 456,84194464143
Destiny Yang,+90 269 813 97 153,38757632448
Michelle Ashley,+90 946 742 31 623,86483835281
Wynne Clarke,+90 694 457 57 451,47735567631
Samuel Torres,+90 974 653 28 749,43458526243
Rylee Rosario,+90 489 839 64 871,46351683224
Boris Porter,+90 456 429 77 752,82769232872
Graiden Richardson,+90 256 657 31 466,36344747314
Desirae Lawrence,+90 263 586 62 323,67426388875
Nelle Mcintosh,+90 357 731 59 427,91757788286
Jerome Lowe,+90 746 993 54 546,95477526287
Talon Frederick,+90 663 337 43 378,94323332474
George Cunningham,+90 954 494 36 444,27577238492
Clarke Garrett,+90 913 892 76 963,35512774857
Gisela Thornton,+90 865 388 28 374,44922343288
Gage Williams,+90 138 219 85 725,74685757375
Mara Aguirre,+90 278 663 44 992,43644685788
David Cook,+90 838 961 12 455,63852776446
Zachary Fisher,+90 262 845 46 235,65411374497
Hammett Guerrero,+90 349 862 95 626,75278238549
Jermaine Hodge,+90 692 485 47 356,34978895824
Ronan William,+90 213 737 65 245,64477357665
Dorian Mann,+90 545 546 68 955,49372363792
Benjamin Mckenzie,+90 384 458 46 224,59713478873
Beverly Hill,+90 228 529 38 335,24664985123
Camille Bright,+90 659 922 62 771,93755292333
Carter Daniel,+90 758 548 12 983,12879241622
Candice Bonner,+90 579 453 32 652,64742623535
Kenneth Levine,+90 334 333 76 572,83419528381
Kelly Solis,+90 459 425 79 287,23264782284
Lucy Morrison,+90 429 844 62 878,25253246832
Ulla Alvarado,+90 723 878 43 225,85641132977
Lamar Trujillo,+90 952 733 73 239,75731724489
Conan Pratt,+90 734 774 14 823,16326887375
Calvin Long,+90 538 422 95 833,68285145621
Patricia Becker,+90 896 756 92 645,78895928443
Alexander Stafford,+90 377 137 63 636,47845288163
Melanie Fulton,+90 462 254 25 456,81846627195
Mari Hester,+90 626 835 53 354,52642142355
Benjamin Vaughn,+90 665 832 46 892,78856343192
Josiah Blackwell,+90 583 332 24 575,29779287297
Mariam Nixon,+90 954 836 92 586,87376294837
Alika Franklin,+90 485 666 24 516,33761438797
Illiana Mann,+90 327 535 15 268,54536868789
Dane Whitaker,+90 617 776 88 248,27534778983
Hedda Everett,+90 297 362 82 514,28321828731
Timothy Wilder,+90 374 247 22 225,38636916396
Evelyn Welch,+90 135 668 39 645,68888445343
Zephr Sexton,+90 638 644 18 826,29816531734
Lacota Lara,+90 573 127 82 525,93374497263
Portia Thompson,+90 475 828 51 539,32482863984
Mannix Hobbs,+90 948 736 42 828,83142767477
Cruz Rivas,+90 897 285 52 245,73856698824
Rogan Webster,+90 979 979 44 461,73529568444
Laith Morin,+90 382 353 64 939,29632826586
Laith Johns,+90 957 485 25 767,35731631544
Channing Townsend,+90 724 342 84 155,62533123257
Walter Holland,+90 376 774 75 616,32458328853
Patrick Johnson,+90 299 941 68 723,82366616254
Gareth Goff,+90 252 118 27 427,42352388365
Kristen Leach,+90 572 424 74 457,85497743767
Kylan Barr,+90 745 866 88 458,52567742726
Aurelia Vincent,+90 319 645 57 288,26374554665
Shelby Burt,+90 366 415 78 297,48944851351
Francis Schroeder,+90 436 968 62 682,57852825989
Demetrius Shields,+90 531 754 55 446,68458254557
Zelenia Talley,+90 328 717 55 378,75386289217
Ray Bolton,+90 543 935 33 237,32494778329
Paloma Hammond,+90 373 437 42 634,44461923464
Daphne Randall,+90 448 781 44 853,46347567577
Bruce Levy,+90 483 881 33 127,84832661252
Ignacia Galloway,+90 965 619 49 896,56363689351
Gail Tran,+90 178 314 72 625,92663529122
Colt Mayer,+90 785 582 86 453,37842256163
Honorato Rodgers,+90 467 825 56 233,25783465985
Ali Reilly,+90 852 286 55 784,78494933441
Ursa Vazquez,+90 745 617 63 656,65671882633
Jack Nicholson,+90 166 498 98 584,26784189886
Drake Porter,+90 319 724 85 262,34731655215
Fuller Osborne,+90 161 133 86 222,67738495627
Tatyana Mccoy,+90 634 574 55 852,46832658654
Aaron Holden,+90 319 245 99 148,43287883141
Jason Salazar,+90 247 575 92 933,47439462595
Emery Mosley,+90 384 781 13 586,32918773465
Aimee Kline,+90 824 744 44 293,27732683875
Zorita Willis,+90 756 193 31 554,83442353535
Wylie Charles,+90 925 434 18 282,87372583587
Cora Kerr,+90 632 169 28 231,79582243445
Alfonso Weaver,+90 247 329 28 584,53833821555
Flavia Dale,+90 773 469 11 496,63325623643
Graham Salas,+90 744 231 28 473,47236965983
Quynn Hull,+90 923 586 94 842,21651638684
Andrew Rosa,+90 886 636 14 426,99677329339
Lael Stone,+90 865 768 44 746,98652834532
Portia Williamson,+90 241 438 62 778,34375877765
Quemby Logan,+90 287 215 48 437,66858178643
Malcolm Guzman,+90 533 785 66 597,96656344594
Jessamine Hatfield,+90 269 222 33 784,49564543137
Len Spears,+90 336 155 82 687,89574858542
Marcia Ewing,+90 456 225 48 969,55344834784
Madaline Cross,+90 777 577 24 877,54639335438
Kristen Ross,+90 868 376 43 922,27319325842
Sopoline Herrera,+90 676 633 62 663,15435322522
Quinlan Frederick,+90 886 727 87 455,76423556729
Elvis Higgins,+90 436 498 41 393,67492568543
Octavius Bond,+90 345 256 64 647,83476532854
Dawn Michael,+90 877 153 85 329,33562638687
Daryl Hanson,+90 932 498 53 294,41763278522
Noble Moss,+90 332 593 57 837,75976439474
Dylan Watts,+90 753 781 76 624,88137266934
Zeus Chambers,+90 618 629 91 737,74775711737
Drake Briggs,+90 221 977 75 362,87128873534
Carter Yates,+90 963 438 36 594,78785385482
Noelle Reynolds,+90 914 534 22 521,11373589178
Clementine Dotson,+90 452 394 55 557,96664273556
Dean Ewing,+90 814 174 81 352,24847557677
Hayley Vinson,+90 884 945 77 163,34284663476
Geraldine Vazquez,+90 475 773 31 422,54145469484
Risa Tate,+90 991 743 45 836,74843834919
Colleen Hampton,+90 543 616 73 538,39212529554
Xena Mcknight,+90 318 284 74 874,84372814732
Octavia Cherry,+90 828 927 35 366,42358582753
Brody Mayo,+90 344 351 43 345,74384723227
Dillon Rutledge,+90 323 541 84 627,52837945887
Dane Clemons,+90 536 786 72 864,46774155328
Aimee Dodson,+90 752 683 91 534,24352532851
Patrick House,+90 773 861 74 847,97225484441
Octavia Sykes,+90 395 644 43 682,99613952237
Liberty Fletcher,+90 234 132 64 886,73615429863
Aphrodite Davidson,+90 374 637 47 497,52561224484
Kiona Michael,+90 868 516 24 555,42443341428
Graham Ramirez,+90 286 752 77 896,64176448665
Shea Perkins,+90 255 778 85 796,24227314387
Latifah Romero,+90 941 539 83 436,68434934661
Beatrice Frazier,+90 917 524 31 466,86976153745
Cora Bentley,+90 445 597 57 314,77485725811
Gil French,+90 688 487 85 535,57837733484
Daquan Glass,+90 465 576 83 467,86678474981
Quentin Lynch,+90 434 476 34 332,12452558869
Basil Gould,+90 546 462 45 113,12662248854
Adara Vincent,+90 585 537 68 477,39522964392
Raven Cannon,+90 626 774 48 257,58175142717
Bradley Perry,+90 476 651 75 263,43478236447
Quentin Salazar,+90 983 643 17 453,43716533423
Kenneth Roberson,+90 215 844 68 657,87837657621
Urielle Dotson,+90 824 446 98 948,94322266698
Zahir Branch,+90 586 755 77 867,14866984585
Lewis Greer,+90 788 778 43 416,73753712556
Haley Cooke,+90 464 954 56 997,45822376864
Samuel Dale,+90 934 768 35 684,75846845247
Caleb Lancaster,+90 863 569 46 595,67648249476
Brock Callahan,+90 626 785 71 932,28386321785
Holmes Hobbs,+90 331 556 74 246,62123319837
Axel Solomon,+90 674 618 41 583,94527354735
Randall Valentine,+90 448 354 78 666,71462264714
Kuame Levine,+90 812 766 58 635,53537629382
Mariko Townsend,+90 583 283 73 596,65214532714
Cade Petty,+90 382 719 95 469,44595951255
Otto Pate,+90 823 246 29 762,62898557294
Vladimir Gamble,+90 672 754 83 182,25433968923
Keegan Stafford,+90 792 583 27 828,21832938581
Inez Hull,+90 178 724 37 575,81298699227
Carl Keller,+90 457 165 36 799,15449443338
Holly Noel,+90 642 862 33 151,32427495584
TaShya King,+90 382 548 68 732,31756511477
Chantale Curry,+90 625 974 26 512,35447466262
Laith Crosby,+90 845 137 98 656,97122248517
Mannix Baird,+90 666 287 42 418,82242768289
Channing Cain,+90 358 572 87 895,53773414725
Deborah Pacheco,+90 785 689 72 753,75321376684
Kyla Baxter,+90 871 598 96 655,77238321816
Ivor Bright,+90 792 463 86 382,76737693446
Garrison Singleton,+90 595 435 42 285,64718327315
India Haley,+90 845 893 47 218,66254384552
Helen Small,+90 547 289 46 138,47376547763
Leigh Stark,+90 568 563 72 758,11588282484
Ora Rush,+90 228 355 65 247,13898913756
Jada Adkins,+90 682 277 88 764,52597512239
Curran Conner,+90 886 975 37 228,39647186245
Francis Monroe,+90 954 588 86 496,22185917475
Minerva Schmidt,+90 749 629 78 489,52938567874
James Fleming,+90 624 363 58 454,89461363574
Stuart Hansen,+90 372 275 33 883,97331718285
Coby Rose,+90 754 331 79 512,45498956838
Raymond Gutierrez,+90 932 534 68 448,67468262178
Leah Marsh,+90 374 775 74 585,26474288599
Shafira French,+90 722 445 81 935,27655218679
Ashton Cortez,+90 676 668 34 834,73925324789
Daniel Baker,+90 476 655 38 126,37347879679
Lynn Donovan,+90 462 248 77 847,17386745384
Boris Ryan,+90 886 357 68 784,27824534545
Hilary Clark,+90 854 594 52 646,29747598227
Amy Olson,+90 447 698 71 434,74888858784
Keaton Bond,+90 744 596 93 724,84981327248
Barclay Mccoy,+90 795 743 28 377,52884276538
Jael Calhoun,+90 214 126 54 382,34646386318
Eagan Ball,+90 288 521 24 987,34362526484
Mollie David,+90 654 656 36 757,35577923377
Nadine Crawford,+90 385 773 28 976,16845736497
Aladdin Morton,+90 784 732 24 478,41858891815
Kane Finley,+90 546 476 33 326,68875689526
Jenna Fry,+90 568 836 67 256,59114812226
Ulysses Yang,+90 526 693 43 942,17745669245
Isadora Stephenson,+90 572 388 58 587,56612252684
Sylvia Wheeler,+90 758 573 54 312,75531982167
Baker Santiago,+90 714 727 92 344,86448536728
Philip Arnold,+90 389 377 62 454,65942645763
Raymond Sullivan,+90 534 735 34 841,35398411139
Aileen Lane,+90 559 494 24 672,43368883632
Donovan Livingston,+90 964 945 89 493,14813881642
Peter Chan,+90 961 332 65 142,57363835152
Oscar Gibbs,+90 983 785 38 557,37672717365
Charlotte Mcneil,+90 856 454 57 788,35137185682
Cooper James,+90 452 267 67 475,76333995683
Tanya Brock,+90 684 312 37 836,87225614671
Boris Mills,+90 538 442 63 685,62282517364
Cedric Riley,+90 369 685 74 286,26462443987
Angela Medina,+90 977 773 89 782,25613498516
Amos Haley,+90 456 756 61 284,31596762753
Nyssa Cherry,+90 536 253 98 322,67814356742
Jenna Crosby,+90 912 873 52 584,67777644232
Ariana Head,+90 738 388 51 735,53621465988
Tatyana Barlow,+90 854 242 43 863,22626964237
Devin Olson,+90 624 311 24 789,31654263884
Nelle Rush,+90 227 555 57 271,66276586548
Beatrice Madden,+90 757 633 95 497,32412489297
Hillary Nguyen,+90 594 314 24 943,27266477186
Melinda Mcknight,+90 679 676 95 364,76126384436
Jescie Wong,+90 462 756 53 587,45483813961
Marsden Whitaker,+90 677 338 65 247,25786924255
Maisie Vega,+90 262 135 54 842,68372885258
Fuller Marsh,+90 252 878 24 233,18773636887
Elijah Vaughn,+90 548 826 55 428,54898157878
Christine Hopkins,+90 226 272 75 577,31327227973
Merrill Figueroa,+90 828 388 33 627,53698665755
Lysandra Kelly,+90 373 448 76 693,87222468795
Avram Turner,+90 339 752 74 365,38876943997
Kelly Hewitt,+90 535 633 17 969,84882214376
Naomi Abbott,+90 187 937 85 637,48769343623
Wynne Wynn,+90 735 876 86 277,97362277452
Hanna Mcintosh,+90 895 525 12 616,24817918115
Amos Lloyd,+90 774 244 68 456,63725672892
Jessica Moreno,+90 267 221 56 937,33869845567
Kylie Price,+90 796 946 78 711,57251832433
Rahim Cortez,+90 782 648 22 187,74319847971
Meghan Todd,+90 741 648 26 521,98766386184
Odessa Barnett,+90 855 624 74 675,17489469874
Claire Murray,+90 882 529 21 852,41689254431
Nita Hernandez,+90 272 886 76 587,62892238626
Theodore Warren,+90 723 434 78 355,74626379285
Francesca Berry,+90 726 914 16 662,37523988498
Upton Glass,+90 572 142 47 864,78523852441
Hasad Powell,+90 554 273 26 598,23745573552
Keiko Gilliam,+90 577 267 55 684,88269235469
Kasper Skinner,+90 721 337 88 534,47775585137
Amity Holloway,+90 543 388 46 382,89765383732
Kevin Monroe,+90 356 222 65 366,38393212726
Zeph Carpenter,+90 786 953 47 662,87883846862
Sheila Watkins,+90 498 854 38 533,35271725375
Ronan Herring,+90 383 837 45 943,46342543771
Bradley Flowers,+90 523 364 57 389,42172665616
Fuller Keith,+90 568 128 34 756,84684918499
Holly Marks,+90 857 126 75 929,64431488638
Anastasia Rutledge,+90 962 481 27 276,25986418445
Colt Carr,+90 288 864 75 471,25928761892
Avye Reid,+90 198 165 25 494,14268218912
Elijah Perez,+90 635 752 72 486,88475733947
Serina Lowery,+90 314 786 66 336,68342961833
Lane Hoffman,+90 652 244 77 184,32548589662
Deacon Kline,+90 265 884 92 686,24779533358
Curran Fulton,+90 495 954 41 642,32813438796
Magee Molina,+90 376 798 14 211,98213418462
August Michael,+90 648 615 85 593,72385275523
Hakeem Brewer,+90 546 882 44 946,83413945623
Alden Ayers,+90 854 676 75 651,28567478568
Gil Logan,+90 655 586 62 474,42551572462
Brady Dennis,+90 216 591 24 542,88588566256
Audra Luna,+90 694 285 87 814,53527179656
Kay Workman,+90 451 734 45 122,73756744681
Aspen Atkins,+90 451 732 12 265,58338639351
Fletcher Mcintyre,+90 624 257 57 769,64442443551
Gannon Cummings,+90 577 565 47 566,84847556679
Iona Wooten,+90 439 456 47 276,35747862138
Lionel Good,+90 863 553 75 753,55859117266
Thor Valdez,+90 433 668 29 389,65655861666
Stacey Mercado,+90 891 516 47 484,44254496244
Thaddeus Dorsey,+90 682 533 16 855,31552417999
Cara Lindsey,+90 762 665 83 468,25631152854
Brenna Colon,+90 958 347 87 538,14633274756
Lara Ramos,+90 565 762 36 833,66275944217
Perry Francis,+90 662 586 98 665,77948475272
Roary Rojas,+90 496 874 88 965,77987253613
Jordan Bartlett,+90 436 586 27 744,34785844394
Gisela Cohen,+90 431 275 37 475,59964683972
Mason Figueroa,+90 542 686 69 688,62743812137
May Burke,+90 537 265 73 374,36878658374
Amity Jimenez,+90 715 516 21 684,57148652738
Meghan Good,+90 199 952 38 955,95633828149
Camilla Frye,+90 356 584 84 571,63111877569
Odysseus Byers,+90 327 222 62 557,24858357235
Anastasia Rosa,+90 827 684 64 426,36556774368
Samson Mckenzie,+90 899 647 29 845,58855883362
Rose Case,+90 673 354 78 288,23351265478
Chadwick Contreras,+90 228 235 87 344,25562772265
Fletcher Rowe,+90 251 825 75 473,39621567412
Lance Landry,+90 418 383 38 165,31433786623
Noah Sanders,+90 774 338 23 188,14463314718
Dolan Hayden,+90 786 382 24 795,72642524174
